,Unnamed: 0,Unnamed: 0.1,Unnamed: 0.1.1,Unnamed: 0.1.1,Unnamed: 0.1.1.1,Unnamed: 0.1.1.1.1,Unnamed: 0.1.1.1.1,Unnamed: 0.1.1.1.1.1,Unnamed: 0.1.1.1.1.1.1,Unnamed: 0.1.1.1.1.1.1,Unnamed: 0.1.1.1.1.1.1.1,Unnamed: 0.1.1.1.1.1.1.1.1,Unnamed: 0.1.1.1.1.1.1.1.1,Unnamed: 0.1.1.1.1.1.1.1.1.1,Unnamed: 0.1.1.1.1.1.1.1.1.1.1,product_id,parent_id,number_of_purchases,name,actual_price,original_price,discount_percentage,number_of_offers,seller_name,suitable_for_gender,image_url,children,product_description,suitable_for_age
0,0,0,0,0,0,0,0,0,0,0,0,0,0,0,0,0.0,,,All Categories,,,,,,,,"[1, 63, 76, 91, 112, 121, 139, 147]",,
1,1,1,1,1,1,1,1,1,1,1,1,1,1,1,1,1.0,0.0,,Electronics,,,,,,,,"[2, 3, 4, 5, 6]",,
2,2,2,2,2,2,2,2,2,2,2,2,2,2,2,2,2.0,1.0,,Audio Devices,,,,,,,,"[7, 8]",,
3,3,3,3,3,3,3,3,3,3,3,3,3,3,3,3,3.0,1.0,,Mobiles,,,,,,,,"[13, 14]",,
4,4,4,4,4,4,4,4,4,4,4,4,4,4,4,4,4.0,1.0,,Accessories,,,,,,,,"[11, 12]",,
5,5,5,5,5,5,5,5,5,5,5,5,5,5,5,5,5.0,1.0,,Laptops,,,,,,,,"[15, 16]",,
6,6,6,6,6,6,6,6,6,6,6,6,6,6,6,6,6.0,1.0,,Camera,,,,,,,,"[9, 10]",,
7,7,7,7,7,7,7,7,7,7,7,7,7,7,7,7,7.0,2.0,,Headphones,,,,,,,,"[17, 18, 19, 20, 21, 22]",,
8,8,8,8,8,8,8,8,8,8,8,8,8,8,8,8,8.0,2.0,,Speakers,,,, ,,,,"[23, 24, 25, 26]",,
9,9,9,9,9,9,9,9,9,9,9,9,9,9,9,9,9.0,6.0,,DSLR,,,,,,,,"[59, 60]",,
10,10,10,10,10,10,10,10,10,10,10,10,10,10,10,10,10.0,6.0,,Action Cameras,,,,,,,,"[61, 62]",,
11,11,11,11,11,11,11,11,11,11,11,11,11,11,11,11,11.0,4.0,,Power Bank,,,,,,,,"[46, 47, 48, 49]",,
12,12,12,12,12,12,12,12,12,12,12,12,12,12,12,12,12.0,4.0,,Chargers,,,,,,,,"[50, 51, 52]",,
13,13,13,13,13,13,13,13,13,13,13,13,13,13,13,13,13.0,3.0,,Android ,,,,,,,,"[29, 30, 31, 32, 33, 34, 35, 36, 41, 42, 43, 44, 45]",,
14,14,14,14,14,14,14,14,14,14,14,14,14,14,14,14,14.0,3.0,,iPhone,,,,,,,,"[27, 28, 37, 38, 39, 40]",,
15,15,15,15,15,15,15,15,15,15,15,15,15,15,15,15,15.0,5.0,,Gaming Laptops,,,,,,,,"[53, 54, 55, 56]",,
16,16,16,16,16,16,16,16,16,16,16,16,16,16,16,16,16.0,5.0,,Standard Laptops,,,,,,,,"[57, 58]",,
17,17,17,17,17,17,17,17,17,17,17,17,17,17,17,17,17.0,7.0,91,Motorola Pulse Escape Headphones (Black),2219.0,6499.0,66.0,5,Motorola,0.0,,[],,0.0
18,18,18,18,18,18,18,18,18,18,18,18,18,18,18,18,18.0,7.0,38317,boAt BassHeads 220 Super Extra Bass In-Ear wired Headphones with Mic,599.0,999.0,40.0,7,boAt,0.0,,[],,0.0
19,19,19,19,19,19,19,19,19,19,19,19,19,19,19,19,19.0,7.0,10000,boAt BassHeads 220 Super Extra Bass In-Ear wired Headphones with Mic (Frosty White),599.0,999.0,40.0,7,boAt,0.0,,[],,0.0
20,20,20,20,20,20,20,20,20,20,20,20,20,20,20,20,20.0,7.0,785,Leaf Sport Wireless Bluetooth Earphones,999.0,1999.0,50.0,6,Leaf,0.0,,[],,0.0
21,21,21,21,21,21,21,21,21,21,21,21,21,21,21,21,21.0,7.0,11784,Skullcandy S2DUDZ-003 In Ear Earphone (Black),549.0,799.0,31.0,0,SkullCandy,0.0,,[],,0.0
22,22,22,22,22,22,22,22,22,22,22,22,22,22,22,22,22.0,7.0,1430,Leaf Ear Wireless Bluetooth 4.1 Sweatproof Sports Jogger Earphones with Deep Bass and Headset Compatible With Android and iOS Devices- (Carbon Black),1999.0,2999.0,33.0,6,Leaf,0.0,,[],,0.0
23,23,23,23,23,23,23,23,23,23,23,23,23,23,23,23,23.0,8.0,10000,Boat Stone 1000 Portable Bluetooth Speaker ( Black ),3076.0,6990.0,56.0,8,boAt,0.0,,[],,0.0
24,24,24,24,24,24,24,24,24,24,24,24,24,24,24,24,24.0,8.0,5387,Philips Bt50b Portable Bluetooth Speaker ( Black ),1649.0,1999.0,18.0,8,Philips,0.0,,[],,0.0
25,25,25,25,25,25,25,25,25,25,25,25,25,25,25,25,25.0,8.0,814,HP S6500 Portable Wired (Black),1315.0,2499.0,47.0,7,HP,0.0,,[],,0.0
26,26,26,26,26,26,26,26,26,26,26,26,26,26,26,26,26.0,8.0,158,JBL Go 2 Bluetooth Speaker (Black),2399.0,3299.0,27.0,7,JBL,0.0,,[],,
27,27,27,27,27,27,27,27,27,27,27,27,27,27,27,27,27.0,14.0,1146,Apple iPhone X 64 GB Silver,83618.0,91900.0,9.0,2,Apple,0.0,,[],,
28,28,28,28,28,28,28,28,28,28,28,28,28,28,28,28,28.0,14.0,3722,Apple iPhone 7 32 GB Gold,39899.0,52370.0,24.0,2,Apple,0.0,,[],,
29,29,29,29,29,29,29,29,29,29,29,29,29,29,29,29,29.0,13.0,948,Samsung Galaxy J6 2018 32GB Black,10490.0,11500.0,9.0,2,Samsung,0.0,,[],,
30,30,30,30,30,30,30,30,30,30,30,30,30,30,30,30,30.0,13.0,21,Samsung Galaxy S9 128 GB (Midnight Black),55900.0,66000.0,15.0,2,Samsung,0.0,,[],,
31,31,31,31,31,31,31,31,31,31,31,31,31,31,31,31,31.0,13.0,267,Samsung Galaxy A8 Star 64 GB Black,29900.0,38000.0,21.0,2,Samsung,0.0,,[],,
32,32,32,32,32,32,32,32,32,32,32,32,32,32,32,32,32.0,13.0,136,Oppo F9 Pro 64 GB Twilight Blue,19990.0,25990.0,23.0,1,Oppo,0.0,,[],,
33,33,33,33,33,33,33,33,33,33,33,33,33,33,33,33,33.0,13.0,360,Oppo F5 64GB Red,17990.0,25990.0,31.0,1,Oppo,0.0,,[],,
34,34,34,34,34,34,34,34,34,34,34,34,34,34,34,34,34.0,13.0,110,Google Pixel 3 64 GB Just Black,62989.0,71000.0,11.0,1,Google,0.0,,[],,
35,35,35,35,35,35,35,35,35,35,35,35,35,35,35,35,35.0,13.0,231,Google Pixel 2 XL 128GB Just Black,51999.0,82000.0,37.0,1,Google,0.0,,[],,
36,36,36,36,36,36,36,36,36,36,36,36,36,36,36,36,36.0,13.0,150,Google Pixel 2 XL 64GB Just Black,38965.0,45499.0,14.0,1,Google,0.0,,[],,
37,37,37,37,37,37,37,37,37,37,37,37,37,37,37,37,37.0,14.0,381,Apple iPhone 8 Plus 256 GB Silver,83449.0,88750.0,6.0,2,Apple,0.0,,[],,
38,38,38,38,38,38,38,38,38,38,38,38,38,38,38,38,38.0,14.0,5444,Apple iPhone 6 32 GB Gold,23999.0,31900.0,25.0,2,Apple,0.0,,[],,
39,39,39,39,39,39,39,39,39,39,39,39,39,39,39,39,39.0,14.0,99,Apple iPhone XR 64GB (RED),74000.0,76900.0,4.0,2,Apple,0.0,,[],,
40,40,40,40,40,40,40,40,40,40,40,40,40,40,40,40,40.0,14.0,99,Apple iPhone XR 128 GB Black,76999.0,81900.0,6.0,2,Apple,0.0,,[],,
41,41,41,41,41,41,41,41,41,41,41,41,41,41,41,41,41.0,13.0,3621,Vivo V11 Pro 64 GB Starry Night Black,23990.0,28990.0,17.0,2,Vivo,0.0,,[],,
42,42,42,42,42,42,42,42,42,42,42,42,42,42,42,42,42.0,13.0,114,Moto X4 64 GB Sterling Blue,13990.0,24000.0,42.0,2,Motorola,0.0,,[],,
43,43,43,43,43,43,43,43,43,43,43,43,43,43,43,43,43.0,13.0,8318,Lenovo K8 Note Fine Gold 3GB,7746.0,12990.0,40.0,2,Lenovo,0.0,,[],,
44,44,44,44,44,44,44,44,44,44,44,44,44,44,44,44,44.0,13.0,4491,NOKIA 105 DUAL WHITE 2017,1254.0,1450.0,14.0,1,Nokia,0.0,,[],,
45,45,45,45,45,45,45,45,45,45,45,45,45,45,45,45,45.0,13.0,109,Lenovo Phab 2 Plus 32GB Champagne Gold,13999.0,17999.0,22.0,1,Lenovo,0.0,,[],,
46,46,46,46,46,46,46,46,46,46,46,46,46,46,46,46,46.0,11.0,1280,Ambrane P-1122 10000 mAh Power Bank (White & Blue),799.0,1799.0,56.0,7,Ambrane,0.0,,[],,
47,47,47,47,47,47,47,47,47,47,47,47,47,47,47,47,47.0,11.0,250,"Hobins New p3 Portable Battrey Charger 10400 mAh Power Bank (Green, Lithium-ion)",400.0,2000.0,80.0,7,Hobins,0.0,,[],,
48,48,48,48,48,48,48,48,48,48,48,48,48,48,48,48,48.0,11.0,875,Pinnaclz 10400mAh Powerbank with Li-ion Battery - Assorted,450.0,1499.0,70.0,7,Pinnaclz,0.0,,[],,
49,49,49,49,49,49,49,49,49,49,49,49,49,49,49,49,49.0,11.0,17662,Mi 2i 10000mAh Power Bank (Black),999.0,1199.0,17.0,4,Xiaomi,0.0,,[],,
50,50,50,50,50,50,50,50,50,50,50,50,50,50,50,50,50.0,12.0,207,Ambrane AWC-38 2.1A Fast Charger with Charge & Sync USB Cable Mobile Charger (White),350.0,499.0,30.0,6,Ambrane,0.0,,[],,
51,51,51,51,51,51,51,51,51,51,51,51,51,51,51,51,51.0,12.0,799,iVoltaa 2 Port Smart Car Charger for Apple iPhone & Smartphones (White),150.0,550.0,71.0,3,iVoltaa,0.0,,[],,
52,52,52,52,52,52,52,52,52,52,52,52,52,52,52,52,52.0,12.0,360, Xiaomi Redmi Mobile Charger       ,350.0,1000.0,65.0,4,Universal,0.0,,[],,
53,53,53,53,53,53,53,53,53,53,53,53,53,53,53,53,53.0,15.0,28,"Acer Aspire E15 (Core i3-7th Gen/4 GB+16GB Optane/1 TB/15.6""FHD/Windows 10 Home",30899.0,39999.0,23.0,4,Acer,0.0,,[],,
54,54,54,54,54,54,54,54,54,54,54,54,54,54,54,54,54.0,15.0,245, HP 14q (Core i3 - 7th Gen/ 4 GB/1 TB /35.56 cm (14 inch) /DOS)Thin & Light Laptop,27333.0,32917.0,17.0,3,HP,0.0,,[],,
55,55,55,55,55,55,55,55,55,55,55,55,55,55,55,55,55.0,15.0,384,Dell Inspiron 3000 (Core i3 - 7th Gen/4 GB RAM/1 TB HDD/39.62 cm (15.6 inch) FHD/Windows 10) Inspiron 3567,30629.0,38090.0,20.0,3,Dell,0.0,,[],,
56,56,56,56,56,56,56,56,56,56,56,56,56,56,56,56,56.0,15.0,265,Lenovo Ideapad (Core i3 - 6th Gen/4 GB RAM/1 TB HDD/39.62 cm (15.6 Inch)/Windows 10),27190.0,35890.0,24.0,6,Lenovo,0.0,,[],,
57,57,57,57,57,57,57,57,57,57,57,57,57,57,57,57,57.0,16.0,60," Dell G3 3579 Gaming (Core i7 - 8750H 8th Gen/8 GB RAM/1 TB HDD + 128 SSD/39.62 cm (15.6 Inch) FHD/Windows 10/MS Office 2016 H&S DFO/4 GB GTX1050 Ti Graphics ) B560105WIN9 Gaming ( Black , 2.53 Kg )",89999.0,96532.0,7.0,4,Dell,0.0,,[],,
58,58,58,58,58,58,58,58,58,58,58,58,58,58,58,58,58.0,16.0,60,"ASUS TUF FX505 ( Core i7- 8th Gen/8 GB/1TB+ 256GB SSD / 15.6"" FHD/ Windows 10/ 4GB GTX1050 Ti) Gaming Laptop FX505GE- BQ030T (Gun Metal/2.2kg)",92490.0,105990.0,13.0,3,Asus,0.0,,[],,
59,59,59,59,59,59,59,59,59,59,59,59,59,59,59,59,59.0,9.0,2723,Canon EOS 1300D Kit (EF S18-55 IS II) 18 MP DSLR Camera (Black),25994.0,31995.0,19.0,7,Canon,0.0,,[],,
60,60,60,60,60,60,60,60,60,60,60,60,60,60,60,60,60.0,9.0,42, Nikon D3500 Kit (AF-P DX Nikkor 18-55mm f/3.5-5.6G VR & AF-P DX Nikkor 70-300mm f/4.5-6.3G ED) DSLR Camera (Black),39270.0,53950.0,27.0,7,Nikon,0.0,,[],,
61,61,61,61,61,61,61,61,61,61,61,61,61,61,61,61,61.0,10.0,33,GoPro Hero 7 Black 12 MP Sports & Action Camera,32999.0,35500.0,7.0,5,GoPro,0.0,,[],,
62,62,62,62,62,62,62,62,62,62,62,62,62,62,62,62,62.0,10.0,65,GoPro Hero 7 Silver 10 MP Sports & Action Camera,23000.0,28000.0,18.0,6,GoPro,0.0,,[],,
63,63,63,63,63,63,63,63,63,63,63,63,63,63,63,63,63.0,0.0,,Appliances,,,,,,,,"[64, 65, 66]",,
64,64,64,64,64,64,64,64,64,64,64,64,64,64,64,64,64.0,63.0,,TVs,,,,,,,,"[67, 68, 69]",,
65,65,65,65,65,65,65,65,65,65,65,65,65,65,65,65,65.0,63.0,,ACs,,,,,,,,"[70, 71, 72]",,
66,66,66,66,66,66,66,66,66,66,66,66,66,66,66,66,66.0,63.0,,Refrigerators,,,,,,,,"[73, 74, 75]",,
67,67,67,67,67,67,67,67,67,67,67,67,67,67,67,67,67.0,64.0,400,VU 109 cm (43 inch) 43S6575 Full HD LED TV,22990.0,27000.0,15.0,4,VU,0.0,,[],,
68,68,68,68,68,68,68,68,68,68,68,68,68,68,68,68,68.0,64.0,663,Samsung 40 Inch UA40N5000ARXXL Full HD LED Standard TV (Black),33900.0,43900.0,23.0,4,Samsung,0.0,,[],,
69,69,69,69,69,69,69,69,69,69,69,69,69,69,69,69,69.0,64.0,421,VU 102 cm (40 inch) 40D6575 Full HD LED TV,18450.0,27000.0,32.0,4,VU,0.0,,[],,
70,70,70,70,70,70,70,70,70,70,70,70,70,70,70,70,70.0,65.0,13,"Hitachi 1.5 Ton 5 Star (2018) Inverter Split AC (Copper,KASHIKOI 5100x RSB518HBEA ,White)",50490.0,59990.0,16.0,4,Hitachi,0.0,,[],,
71,71,71,71,71,71,71,71,71,71,71,71,71,71,71,71,71.0,65.0,36,"Daikin 1.5 Ton 3 Star (2018) Inverter Split AC (Copper, FTKL50TV16U, White)",47770.0,47770.0,0.0,3,Daikin,0.0,,[],,
72,72,72,72,72,72,72,72,72,72,72,72,72,72,72,72,72.0,65.0,225,Voltas 1 Ton 5 Star Window Ac (125DZA),28000.0,28490.0,2.0,3,Voltas,0.0,,[],,
73,73,73,73,73,73,73,73,73,73,73,73,73,73,73,73,73.0,66.0,201,"Samsung Frost Free 253 L Double Door Refrigerator ( Rt28n3022s8 , Elegant Inox )",22050.0,24050.0,8.0,3,Samsung,0.0,,[],,
74,74,74,74,74,74,74,74,74,74,74,74,74,74,74,74,74.0,66.0,225,"Samsung Frost Free 275 L Double Door Refrigerator (RT30N3723S8, Elegant Inox Digital Inverter)",30000.0,34440.0,13.0,3,Samsung,0.0,,[],,
75,75,75,75,75,75,75,75,75,75,75,75,75,75,75,75,75.0,66.0,53,"Haier Frost Free 276 L Double Door Refrigerator ( Hrb-2963ckg-e , Black )",28000.0,36900.0,24.0,3,Haier,0.0,,[],,
76,76,76,76,76,76,76,76,76,76,76,76,76,76,76,76,76.0,0.0,,Grocery,,,,,,,,"[77, 78, 79]",,
77,77,77,77,77,77,77,77,77,77,77,77,77,77,77,77,77.0,76.0,,Food and Drinks,,,,,,,,"[80, 81, 82, 83]",,
78,78,78,78,78,78,78,78,78,78,78,78,78,78,78,78,78.0,76.0,,Health and Nutrition,,,,,,,,"[84, 85, 86]",,
79,79,79,79,79,79,79,79,79,79,79,79,79,79,79,79,79.0,76.0,,Beauty and Personal Care,,,,,,,,"[87, 88, 89, 90]",,
80,80,80,80,80,80,80,80,80,80,80,80,80,80,80,80,80.0,77.0,74,Cadbury Bournvita For Women Chocolate Health Drink 400 gm Pack,233.0,259.0,10.0,6,Cadbury,2.0,,[],,
81,81,81,81,81,81,81,81,81,81,81,81,81,81,81,81,81.0,77.0,128,Zandu Pure Honey 500 gm,203.0,270.0,25.0,5,Zandu,0.0,,[],,
82,82,82,82,82,82,82,82,82,82,82,82,82,82,82,82,82.0,77.0,95,Knorr Soupy Mast Masala Noodles 4X75 gm,60.0,60.0,0.0,5,Knorr,0.0,,[],,
83,83,83,83,83,83,83,83,83,83,83,83,83,83,83,83,83.0,77.0,927,"Nestle MAGGI 2-minute Instant Noodles, Masala 420g Pouch",39.0,60.0,40.0,5,Nestle,0.0,,[],,
84,84,84,84,84,84,84,84,84,84,84,84,84,84,84,84,84.0,78.0,251,Accu-Chek Active 50 Test Strips,799.0,799.0,0.0,6,Accu-Chek,0.0,,[],,
85,85,85,85,85,85,85,85,85,85,85,85,85,85,85,85,85.0,78.0,32,"Accumass Weight Gain Capsules 60Caps, Pack of 1",219.0,336.0,35.0,5,Accumass,0.0,,[],,
86,86,86,86,86,86,86,86,86,86,86,86,86,86,86,86,86.0,78.0,54,Healthkart Slim Tea 0.2 kg Honey Lemon,249.0,500.0,50.0,6,Healthkart,0.0,,[],,
87,87,87,87,87,87,87,87,87,87,87,87,87,87,87,87,87.0,79.0,718,Vaseline Intensive Care Aloe Soothe Body Lotion 200 ml,195.0,195.0,0.0,5,Vaseline,0.0,,[],,
88,88,88,88,88,88,88,88,88,88,88,88,88,88,88,88,88.0,79.0,414,Lotus Herbals UV Screen PA+++ Uva Spf 50 Uvb Matte Gel 100 gm (Pack of 3),1320.0,1320.0,0.0,7,Lotus,0.0,,[],,
89,89,89,89,89,89,89,89,89,89,89,89,89,89,89,89,89.0,79.0,662,Dove Cream Beauty Bathing Bar 3X100 gm,157.0,172.0,9.0,5,Dove,0.0,,[],,
90,90,90,90,90,90,90,90,90,90,90,90,90,90,90,90,90.0,79.0,359,Axe Gold Temptation Deodorant 150 Ml,200.0,200.0,0.0,5,Axe,0.0,,[],,
91,91,91,91,91,91,91,91,91,91,91,91,91,91,91,91,91.0,0.0,,Fashion,,,,,,,,"[92, 93]",,
92,92,92,92,92,92,92,92,92,92,92,92,92,92,92,92,92.0,91.0,,Men's Fashion ,,,,,,,,"[94, 95, 96, 97, 98, 99, 100, 101, 102]",,
93,93,93,93,93,93,93,93,93,93,93,93,93,93,93,93,93.0,91.0,,Women's Fashion,,,,,,,,"[103, 104, 105, 106, 107, 108, 109, 110, 111]",,
94,94,94,94,94,94,94,94,94,94,94,94,94,94,94,94,94.0,92.0,120,Amitto Men Regular Fit Round Neck Graphic Print T-Shirt - Black,289.0,900.0,68.0,9,Amitto,1.0,,[],,
95,95,95,95,95,95,95,95,95,95,95,95,95,95,95,95,95.0,92.0,115,LEBISON Men Slim Fit Round Neck Printed T-Shirt - Black,349.0,1099.0,68.0,9,Lebison,1.0,,[],,
96,96,96,96,96,96,96,96,96,96,96,96,96,96,96,96,96.0,92.0,260,STYLESMYTH Men Regular Fit Round Neck Printed T-Shirt - Maroon,299.0,1000.0,70.0,3,Stylesmyth,1.0,,[],,
97,97,97,97,97,97,97,97,97,97,97,97,97,97,97,97,97.0,92.0,15,Oneliner Men Regular Fit Round Neck Printed T-Shirt - Black,599.0,1099.0,45.0,6,Oneliner,1.0,,[],,
98,98,98,98,98,98,98,98,98,98,98,98,98,98,98,98,98.0,92.0,36,Levi's Men Low Rise Skinny Fit ( 65504 ) Jeans - Blue,2099.0,3499.0,40.0,6,Levi's,1.0,,[],,
99,99,99,99,99,99,99,99,99,99,99,99,99,99,99,99,99.0,92.0,22,Wrangler Men Low Rise Slim Fit ( Skanders ) Jeans - Black,1798.0,2995.0,40.0,6,Wrangler,1.0,,[],,
100,100,100,100,100,100,100,100,100,100,100,100,100,100,100,100,100.0,92.0,24,Wrangler Men Mid Rise Narrow Fit ( Skanders ) Jeans - Blue,1245.0,2495.0,50.0,6,Wrangler,1.0,,[],,
101,101,101,101,101,101,101,101,101,101,101,101,101,101,101,101,101.0,92.0,12,Hangup Men Slim Fit Casual shirt - Turquoise,399.0,1299.0,67.0,4,Hangup,1.0,,[],,
102,102,102,102,102,102,102,102,102,102,102,102,102,102,102,102,102.0,92.0,36,Raymond Men Regular Fit Casual shirt - White,1849.0,3649.0,50.0,4,Raymond,1.0,,[],,
103,103,103,103,103,103,103,103,103,103,103,103,103,103,103,103,103.0,93.0,26,Fuchsia pink hand woven pure chanderi saree,3200.0,5500.0,42.0,7,Fuchsia,2.0,,[],,
104,104,104,104,104,104,104,104,104,104,104,104,104,104,104,104,104.0,93.0,62,Miraan Printed Chanderi Saree With Zari Border Blouse Piece For Women,1199.0,3997.0,70.0,7,Miraan,2.0,,[],,
105,105,105,105,105,105,105,105,105,105,105,105,105,105,105,105,105.0,93.0,12,Kataan Bazaar Pink Color Half And Half Banarasi Chanderi Saree,3988.0,9999.0,60.0,8,Kataan,2.0,,[],,
106,106,106,106,106,106,106,106,106,106,106,106,106,106,106,106,106.0,93.0,36,VARKHA FASHION Women Cotton Printed Anarkali Kurta - Red,599.0,2099.0,71.0,6,Varkha,2.0,,[],,
107,107,107,107,107,107,107,107,107,107,107,107,107,107,107,107,107.0,93.0,52,VARKHA FASHION Women Cotton Printed Straight Kurta - Yellow,472.0,1145.0,59.0,6,Varkha,2.0,,[],,
108,108,108,108,108,108,108,108,108,108,108,108,108,108,108,108,108.0,93.0,44,Janasya Women Crepe Printed A Line Kurta - Blue,629.0,1289.0,51.0,8,Janasya,2.0,,[],,
109,109,109,109,109,109,109,109,109,109,109,109,109,109,109,109,109.0,93.0,32,Janasya Women Silk Floral Straight Kurti - Brown,589.0,1199.0,51.0,8,Janasya,2.0,,[],,
110,110,110,110,110,110,110,110,110,110,110,110,110,110,110,110,110.0,93.0,84,Fabrange Blue Elegant Office Wear Shirt For Women,379.0,999.0,62.0,6,Fabrange,2.0,,[],,
111,111,111,111,111,111,111,111,111,111,111,111,111,111,111,111,111.0,93.0,728,Kleio Women Pu Sling Bag - Black,758.0,1399.0,46.0,3,Kleio,2.0,,[],,
112,112,112,112,112,112,112,112,112,112,112,112,112,112,112,112,112.0,0.0,,Books and Stationery,,,,,,,,"[113, 114, 115, 116, 117, 118, 119, 120]",,
113,113,113,113,113,113,113,113,113,113,113,113,113,113,113,113,113.0,112.0,115,Cello Rainbow Pen (Pack Of 20),79.0,80.0,1.0,3,Cello,0.0,,[],,
114,114,114,114,114,114,114,114,114,114,114,114,114,114,114,114,114.0,112.0,34,YES Student Clip Board Combo,445.0,699.0,36.0,4,Yes,0.0,,[],,
115,115,115,115,115,115,115,115,115,115,115,115,115,115,115,115,115.0,112.0,17,LUCASI GREY SCHOOL BAG \ COLLEGE \ LAPTOP BAG WITH RAIN COVER 35 LTRS,550.0,1299.0,58.0,4,Lucasi,0.0,,[],,
116,116,116,116,116,116,116,116,116,116,116,116,116,116,116,116,116.0,112.0,2514,HOT MELT GLUE GUN 40W 40 WATT (Assorted Color),249.0,1300.0,81.0,4,Glun,0.0,,[],,
117,117,117,117,117,117,117,117,117,117,117,117,117,117,117,117,117.0,112.0,31,Solo Expanding Lock & Handle File (12 Section),376.0,396.0,5.0,4,Solo,0.0,,[],,
118,118,118,118,118,118,118,118,118,118,118,118,118,118,118,118,118.0,112.0,64,"Classmate Long Notebook - A4, Soft Cover, 240 Pages, Single Line (Pack Of 2)",149.0,150.0,1.0,3,Classmate,0.0,,[],,
119,119,119,119,119,119,119,119,119,119,119,119,119,119,119,119,119.0,112.0,12,Kevin Danny Leatherette Collection A5 Notebook Brown,299.0,399.0,25.0,3,Kevin Danny,0.0,,[],,
120,120,120,120,120,120,120,120,120,120,120,120,120,120,120,120,120.0,112.0,25,Supple Room Cookie Pie A4 Notebook,350.0,410.0,15.0,3,Supple Room,0.0,,[],,
121,121,121,121,121,121,121,121,121,121,121,121,121,121,121,121,121.0,0.0,,Home and Kitchen,,,,,,,,"[122, 123, 124]",,
122,122,122,122,122,122,122,122,122,122,122,122,122,122,122,122,122.0,121.0,,Gas Stoves and Chimneys,,,,,,,,"[125, 126, 127, 128]",,
123,123,123,123,123,123,123,123,123,123,123,123,123,123,123,123,123.0,121.0,,Home Decor,,,,,,,,"[129, 130, 131, 132, 133]",,
124,124,124,124,124,124,124,124,124,124,124,124,124,124,124,124,124.0,121.0,,Kitchen and Dining,,,,,,,,"[134, 135, 136, 137, 138]",,
125,125,125,125,125,125,125,125,125,125,125,125,125,125,125,125,125.0,122.0,18,Sunflame Eva BK 60cm 700 m3h Chimney,5990.0,14990.0,60.0,7,Sunflame,0.0,,[],,
126,126,126,126,126,126,126,126,126,126,126,126,126,126,126,126,126.0,122.0,151,"Prestige Marvel Glass 4 Burner Gas Stove, Black",6055.0,8245.0,27.0,7,Prestige,0.0,,[],,
127,127,127,127,127,127,127,127,127,127,127,127,127,127,127,127,127.0,122.0,25,Glen GL 6075 Stainless Steel Kitchen Chimney - 60cm / Airflow 750 m3/h,6395.0,12990.0,51.0,7,Glen,0.0,,[],,
128,128,128,128,128,128,128,128,128,128,128,128,128,128,128,128,128.0,122.0,63,"Prestige Royale Plus Schott Glass 4 Burner Gas Stove, Black",8799.0,11245.0,22.0,8,Prestige,0.0,,[],,
129,129,129,129,129,129,129,129,129,129,129,129,129,129,129,129,129.0,123.0,890,Sehaz Artworks ForeverLove Pasted Photo Album,499.0,1449.0,66.0,2,Sehaz,0.0,,[],,
130,130,130,130,130,130,130,130,130,130,130,130,130,130,130,130,130.0,123.0,69,Photo Frame Collage For Wall Decor Set of 10,1099.0,2999.0,63.0,7,Swadesi Stuff,0.0,,[],,
131,131,131,131,131,131,131,131,131,131,131,131,131,131,131,131,131.0,123.0,13,Satya Vipal Printed Star ( Set Of 1 ),70.0,400.0,82.0,2,Satya Vipal,0.0,,[],,
132,132,132,132,132,132,132,132,132,132,132,132,132,132,132,132,132.0,123.0,21,Rajasthani Village Textured With Acrylic Glass Painting - Abstract Modern Art Home Wall De cor Hangings Gift Items,748.0,2076.0,64.0,6,Art N Hub,0.0,,[],,
133,133,133,133,133,133,133,133,133,133,133,133,133,133,133,133,133.0,123.0,14,MM handicraft Brass Show pice peacock,450.0,800.0,44.0,6,MM Handicraft,0.0,,[],,
134,134,134,134,134,134,134,134,134,134,134,134,134,134,134,134,134.0,124.0,20,Hawkins Hard Anodized Gift Set 2Pcs Ls6 Model,1575.0,1575.0,0.0,6,Hawkins,0.0,,[],,
135,135,135,135,135,135,135,135,135,135,135,135,135,135,135,135,135.0,124.0,14,Induction Set With Maroon Handle (Set of 7 Pieces),1399.0,4799.0,71.0,6,Klassic Vimal,0.0,,[],,
136,136,136,136,136,136,136,136,136,136,136,136,136,136,136,136,136.0,124.0,574,Wonderchef Granite Frying Pan,1149.0,1600.0,28.0,6,Wonderchef,0.0,,[],,
137,137,137,137,137,137,137,137,137,137,137,137,137,137,137,137,137.0,124.0,59,Hawkins Futura With Lid Kadhai 2.5 Ltr,1450.0,1450.0,0.0,6,Hawkins,0.0,,[],,
138,138,138,138,138,138,138,138,138,138,138,138,138,138,138,138,138.0,124.0,6,Alda Try Ply Stainless Steel Wok Pan With Lid 20 Cm,2790.0,2790.0,0.0,6,Alda Try Ply,0.0,,[],,
139,139,139,139,139,139,139,139,139,139,139,139,139,139,139,139,139.0,0.0,,Sports and Fitness,,,,,,0.0,,"[140, 141, 142, 143, 144, 145, 146]",,
140,140,140,140,140,140,140,140,140,140,140,140,140,140,140,140,140.0,139.0,250,Spider Protein Shaker Bottle 500 ML,199.0,699.0,72.0,3,Sag,0.0,,[],,
141,141,141,141,141,141,141,141,141,141,141,141,141,141,141,141,141.0,139.0,112,Protoner Double Exercise Wheel With Knee Cushion,399.0,845.0,53.0,4,Protoner,0.0,,[],,
142,142,142,142,142,142,142,142,142,142,142,142,142,142,142,142,142.0,139.0,25,Protoner Wall Mounting chin up bar,1299.0,3999.0,68.0,4,Protoner,0.0,,[],,
143,143,143,143,143,143,143,143,143,143,143,143,143,143,143,143,143.0,139.0,483,Protoner Gym Combo,249.0,624.0,60.0,4,Protoner,0.0,,[],,
144,144,144,144,144,144,144,144,144,144,144,144,144,144,144,144,144.0,139.0,21,Deemark Card Holder as a freebie with Tummy Trimmer Single,359.0,1200.0,70.0,4,Deemark,0.0,,[],,
145,145,145,145,145,145,145,145,145,145,145,145,145,145,145,145,145.0,139.0,23,SANGPRO - Star Kids 5# Synthetic Football (Assorted color),299.0,999.0,70.0,4,Sangpro,0.0,,[],,
146,146,146,146,146,146,146,146,146,146,146,146,146,146,146,146,146.0,139.0,21,Cosco Platina Football (Size-5),2150.0,2150.0,0.0,4,Cosco,0.0,,[],,
147,147,147,147,147,147,147,147,147,147,147,147,147,147,147,147,147.0,0.0,,Toys and Kids Fashion,,,,,,,,"[148, 149]",,
148,148,148,148,148,148,148,148,148,148,148,148,148,148,148,148,148.0,147.0,,Kids Fashion,,,,,,,,"[150, 151, 152, 153, 154]",,
149,149,149,149,149,149,149,149,149,149,149,149,149,149,149,149,149.0,147.0,,Toys,,,,,,,,"[155, 156, 157, 158, 159, 160, 161]",,
150,150,150,150,150,150,150,150,150,150,150,150,150,150,150,150,150.0,148.0,45,Allen Solly Boy Cotton Striped T-shirt - Multi,392.0,799.0,51.0,9,Allen Solly,0.0,,[],,
151,151,151,151,151,151,151,151,151,151,151,151,151,151,151,151,151.0,148.0,21,Allen Solly Boy Polyester Solid Winter Jacket - Blue,931.0,1899.0,51.0,8,Allen Solly,0.0,,[],,
152,152,152,152,152,152,152,152,152,152,152,152,152,152,152,152,152.0,148.0,254,Kittens Black Casual shoes for boys,845.0,1690.0,50.0,5,Kittens,1.0,,[],,
153,153,153,153,153,153,153,153,153,153,153,153,153,153,153,153,153.0,148.0,110,Kittens Brown Casual shoes for boys,748.0,1495.0,50.0,5,Kittens,1.0,,[],,
154,154,154,154,154,154,154,154,154,154,154,154,154,154,154,154,154.0,148.0,58,Mini Klub Baby Girl Cotton Printed Skirt - White,200.0,499.0,60.0,8,Mini Klub,2.0,,[],,
155,155,155,155,155,155,155,155,155,155,155,155,155,155,155,155,155.0,149.0,309,PraSid My Pad Mini English Learning Tablet For Kids,199.0,425.0,53.0,4,Prasid,0.0,,[],,
156,156,156,156,156,156,156,156,156,156,156,156,156,156,156,156,156.0,149.0,36,Fruits Vegetables Food Cutting Reusable Kitchen Set,340.0,1360.0,75.0,3,Prasid,0.0,,[],,
157,157,157,157,157,157,157,157,157,157,157,157,157,157,157,157,157.0,149.0,69,PraSid Kids English Teacher Computer Toy Educational Laptop Multicolor,399.0,490.0,19.0,4,Prasid,0.0,,[],,
158,158,158,158,158,158,158,158,158,158,158,158,158,158,158,158,158.0,149.0,32,New Pinch Musical Dog Walk And Bark (Multicolor),275.0,499.0,45.0,3,New Pinch,0.0,,[],,
159,159,159,159,159,159,159,159,159,159,159,159,159,159,159,159,159.0,149.0,11,Tom Grey And White 1 Piece Intelligent Touch Talking Cat,698.0,800.0,13.0,3,Tom,0.0,,[],,
160,160,160,160,160,160,160,160,160,160,160,160,160,160,160,160,160.0,149.0,4,Pyraminx Stickerless Speed Cube Triangle Cube Puzzle,299.0,1199.0,75.0,4,Tamboora,0.0,,[],,
161,161,161,161,161,161,161,161,161,161,161,161,161,161,161,161,161.0,149.0,4,Desi Karigar Unique Toys 3 in 1 Wooden Blocks Jigsaw Puzzles for Kids Gifts for Boys and Girls,670.0,2100.0,68.0,3,Desi Karigar,0.0,,[],,
162,162,162,162,162,162,162,162,162,162,162,162,162,162,162,162,,,,,,,,,,,,[],,
163,163,163,163,163,163,163,163,163,163,163,163,163,163,163,163,,,,,,,,,,,,[],,
164,164,164,164,164,164,164,164,164,164,164,164,164,164,164,164,,,,,,,,,,,,[],,
165,165,165,165,165,165,165,165,165,165,165,165,165,165,165,165,,,  ,,,,,,,,,[],,
